Date,Transaction_ID,Description,Type,Category,Amount,Balance
2025-01-02,TXN10363,Online Course Payment,DR,Education,914,-202393
2025-01-02,TXN10580,Local Grocery Store,DR,Groceries,1661,-546645
2025-01-02,TXN10693,Bus Ticket Booking,DR,Travel,348,-724462
2025-01-03,TXN10163,Supermarket POS,DR,Groceries,1688,64935
2025-01-03,TXN10355,Swiggy Order,DR,Food,4797,-186327
2025-01-03,TXN10072,Bus Ticket Booking,DR,Travel,904,64484
2025-01-04,TXN10705,Metro Card Recharge,DR,Transport,4435,-702420
2025-01-04,TXN10254,Book Purchase,DR,Education,1409,-131799
2025-01-05,TXN10712,Bus Ticket Booking,DR,Travel,1532,-720642
2025-01-06,TXN10332,Refund Received,CR,Income,7760,-187903
2025-01-07,TXN10946,Spotify Subscription,DR,Entertainment,2908,-740399
2025-01-07,TXN10513,Water Bill UPI,DR,Utilities,773,-507140
2025-01-07,TXN10328,Online Course Payment,DR,Education,1863,-187707
2025-01-07,TXN10323,Movie Tickets,DR,Entertainment,938,-281152
2025-01-07,TXN10681,Online Course Payment,DR,Education,756,-698413
2025-01-08,TXN10431,IRCTC Train Ticket,DR,Travel,1556,-344033
2025-01-08,TXN10598,Book Purchase,DR,Education,4960,-589538
2025-01-09,TXN10385,Spotify Subscription,DR,Entertainment,1454,-232713
2025-01-09,TXN10900,Swiggy Order,DR,Food,3659,-672033
2025-01-09,TXN10736,Salary Credit,CR,Income,16108,-715138
2025-01-09,TXN10172,Ola Ride,DR,Transport,3716,43241
2025-01-09,TXN10453,Uber Ride,DR,Transport,2587,-389747
2025-01-09,TXN10631,IRCTC Train Ticket,DR,Travel,609,-597549
2025-01-11,TXN10920,Electricity Bill UPI,DR,Utilities,217,-715343
2025-01-11,TXN10043,Flipkart Order,DR,Shopping,2342,3237
2025-01-12,TXN10117,Book Purchase,DR,Education,3006,28954
2025-01-12,TXN10746,Zomato Order,DR,Food,621,-686418
2025-01-12,TXN10981,Ola Ride,DR,Transport,2080,-790805
2025-01-12,TXN10221,Book Purchase,DR,Education,1430,-87825
2025-01-13,TXN10704,Book Purchase,DR,Education,562,-697985
2025-01-13,TXN10794,Book Purchase,DR,Education,1227,-658466
2025-01-13,TXN10157,Flipkart Order,DR,Shopping,4238,75905
2025-01-13,TXN10489,IRCTC Train Ticket,DR,Travel,3161,-459348
2025-01-13,TXN10506,Bus Ticket Booking,DR,Travel,3593,-493821
2025-01-14,TXN10250,IRCTC Train Ticket,DR,Travel,1169,-118768
2025-01-15,TXN10398,Metro Card Recharge,DR,Transport,3885,-263780
2025-01-15,TXN10153,Refund Received,CR,Income,9811,88532
2025-01-16,TXN10743,Electricity Bill UPI,DR,Utilities,3159,-683656
2025-01-16,TXN10462,Metro Card Recharge,DR,Transport,4845,-386063
2025-01-16,TXN10294,Mobile Recharge,DR,Utilities,1259,-206084
2025-01-17,TXN10050,Electricity Bill UPI,DR,Utilities,4888,32094
2025-01-17,TXN10819,ATM Withdrawal,DR,Cash,3782,-720268
2025-01-17,TXN10278,Bus Ticket Booking,DR,Travel,4951,-167047
2025-01-18,TXN10181,Electricity Bill UPI,DR,Utilities,634,23639
2025-01-19,TXN10604,ATM Withdrawal,DR,Cash,65,-547567
2025-01-19,TXN10174,Flipkart Order,DR,Shopping,3205,37074
2025-01-19,TXN10529,IRCTC Train Ticket,DR,Travel,2291,-547429
2025-01-21,TXN10574,Ola Ride,DR,Transport,3155,-527789
2025-01-21,TXN10152,Myntra Clothing,DR,Shopping,204,78721
2025-01-22,TXN10044,Online Course Payment,DR,Education,1325,1912
2025-01-22,TXN10738,IRCTC Train Ticket,DR,Travel,4207,-722265
2025-01-22,TXN10709,Swiggy Order,DR,Food,4448,-715876
2025-01-22,TXN10038,Netflix Subscription,DR,Entertainment,2776,14446
2025-01-25,TXN10185,Flipkart Order,DR,Shopping,1090,14887
2025-01-25,TXN10635,IRCTC Train Ticket,DR,Travel,4986,-614107
2025-01-25,TXN10542,Local Grocery Store,DR,Groceries,1317,-580698
2025-01-26,TXN10262,Book Purchase,DR,Education,4081,-140907
2025-01-26,TXN10937,Supermarket POS,DR,Groceries,2659,-714931
2025-01-26,TXN10100,Reliance Smart,DR,Groceries,3397,31289
2025-01-28,TXN10137,Dominos Pizza,DR,Food,880,58541
2025-01-28,TXN10841,Local Grocery Store,DR,Groceries,1345,-753826
2025-01-28,TXN10710,Spotify Subscription,DR,Entertainment,2297,-718173
2025-01-29,TXN10690,Myntra Clothing,DR,Shopping,2409,-718831
2025-01-29,TXN10340,Supermarket POS,DR,Groceries,2772,-194277
2025-01-30,TXN10978,IRCTC Train Ticket,DR,Travel,844,-784848
2025-01-30,TXN10338,Flipkart Order,DR,Shopping,2143,-188872
2025-01-30,TXN10372,ATM Withdrawal,DR,Cash,2918,-230029
2025-01-30,TXN10706,Swiggy Order,DR,Food,3640,-706060
2025-01-30,TXN10672,Water Bill UPI,DR,Utilities,291,-672443
2025-01-31,TXN10126,ATM Withdrawal,DR,Cash,4961,-6878
2025-01-31,TXN10244,Reliance Smart,DR,Groceries,4739,-107014
2025-02-02,TXN10176,Uber Ride,DR,Transport,1623,33903
2025-02-02,TXN10520,Book Purchase,DR,Education,1972,-524056
2025-02-02,TXN10616,Flipkart Order,DR,Shopping,2331,-566711
2025-02-03,TXN10123,Restaurant Dinner,DR,Food,4917,2074
2025-02-03,TXN10549,Dominos Pizza,DR,Food,3510,-596107
2025-02-04,TXN10213,Amazon Shopping,DR,Shopping,4607,-71078
2025-02-04,TXN10568,Mobile Recharge,DR,Utilities,3304,-508387
2025-02-04,TXN10394,Movie Tickets,DR,Entertainment,990,-252695
2025-02-05,TXN10386,Myntra Clothing,DR,Shopping,981,-233694
2025-02-06,TXN10545,Swiggy Order,DR,Food,3531,-589306
2025-02-06,TXN10102,Myntra Clothing,DR,Shopping,4516,25937
2025-02-06,TXN10055,Mobile Recharge,DR,Utilities,1502,17579
2025-02-07,TXN10603,Reliance Smart,DR,Groceries,3580,-547502
2025-02-09,TXN10747,Zomato Order,DR,Food,2045,-688463
2025-02-10,TXN10202,IRCTC Train Ticket,DR,Travel,3422,-33003
2025-02-11,TXN10955,Metro Card Recharge,DR,Transport,3485,-762062
2025-02-11,TXN10481,Reliance Smart,DR,Groceries,3806,-438824
2025-02-12,TXN10564,Supermarket POS,DR,Groceries,2493,-543718
2025-02-12,TXN10146,Refund Received,CR,Income,46461,88563
2025-02-13,TXN10991,Movie Tickets,DR,Entertainment,155,-821880
2025-02-13,TXN10925,Uber Ride,DR,Transport,1898,-678217
2025-02-14,TXN10320,Amazon Shopping,DR,Shopping,3017,-275351
2025-02-15,TXN10623,IRCTC Train Ticket,DR,Travel,1780,-583639
2025-02-15,TXN10013,Bus Ticket Booking,DR,Travel,879,14226
2025-02-15,TXN10034,Spotify Subscription,DR,Entertainment,2654,28704
2025-02-16,TXN10486,Cafe Coffee Day,DR,Food,4219,-448243
2025-02-17,TXN10477,Swiggy Order,DR,Food,1711,-426776
2025-02-18,TXN10899,ATM Withdrawal,DR,Cash,923,-668374
2025-02-18,TXN10427,Supermarket POS,DR,Groceries,4980,-335065
2025-02-21,TXN10682,Mobile Recharge,DR,Utilities,3292,-701705
2025-02-22,TXN10554,Movie Tickets,DR,Entertainment,259,-582066
2025-02-22,TXN10557,Spotify Subscription,DR,Entertainment,279,-585645
2025-02-23,TXN10822,Book Purchase,DR,Education,2205,-725582
2025-02-23,TXN10544,IRCTC Train Ticket,DR,Travel,2960,-585775
2025-02-24,TXN10774,ATM Withdrawal,DR,Cash,389,-668393
2025-02-25,TXN10602,Refund Received,CR,Income,55684,-543922
2025-02-26,TXN10558,Salary Credit,CR,Income,56567,-529078
2025-02-26,TXN10435,Dominos Pizza,DR,Food,4741,-355282
2025-02-28,TXN10782,Flipkart Order,DR,Shopping,1310,-684832
2025-02-28,TXN10642,Local Grocery Store,DR,Groceries,1475,-630481
2025-02-28,TXN10812,Zomato Order,DR,Food,4214,-702794
2025-02-28,TXN10829,IRCTC Train Ticket,DR,Travel,3197,-723472
2025-02-28,TXN10827,Supermarket POS,DR,Groceries,325,-715637
2025-02-28,TXN10530,IRCTC Train Ticket,DR,Travel,1098,-548527
2025-03-01,TXN10577,Bus Ticket Booking,DR,Travel,4801,-538448
2025-03-01,TXN10098,Refund Received,CR,Income,27377,38424
2025-03-02,TXN10252,Dominos Pizza,DR,Food,4868,-128226
2025-03-02,TXN10089,Uber Ride,DR,Transport,466,38381
2025-03-03,TXN10139,Ola Ride,DR,Transport,1643,53103
2025-03-04,TXN10939,IRCTC Train Ticket,DR,Travel,3209,-720615
2025-03-05,TXN10272,Supermarket POS,DR,Groceries,3852,-150356
2025-03-05,TXN10005,Petrol Pump POS,DR,Transport,4729,32300
2025-03-05,TXN10471,Movie Tickets,DR,Entertainment,3130,-413191
2025-03-05,TXN10016,Ola Ride,DR,Transport,85,9396
2025-03-05,TXN10200,Flipkart Order,DR,Shopping,1001,-26424
2025-03-06,TXN10077,Uber Ride,DR,Transport,2760,53272
2025-03-06,TXN10906,ATM Withdrawal,DR,Cash,2750,-691312
2025-03-06,TXN10522,ATM Withdrawal,DR,Cash,1249,-527028
2025-03-07,TXN10780,Online Course Payment,DR,Education,61,-681667
2025-03-07,TXN10285,Metro Card Recharge,DR,Transport,1171,-182855
2025-03-08,TXN10722,Electricity Bill UPI,DR,Utilities,4232,-700211
2025-03-08,TXN10618,Bus Ticket Booking,DR,Travel,4252,-573345
2025-03-09,TXN10273,Swiggy Order,DR,Food,2225,-152581
2025-03-09,TXN10312,Restaurant Dinner,DR,Food,1861,-249889
2025-03-09,TXN10966,Uber Ride,DR,Transport,315,-752324
2025-03-10,TXN10714,Refund Received,CR,Income,53370,-671699
2025-03-10,TXN10382,Online Course Payment,DR,Education,225,-226456
2025-03-11,TXN10024,Local Grocery Store,DR,Groceries,2185,-1610
2025-03-12,TXN10171,Dominos Pizza,DR,Food,1259,46957
2025-03-12,TXN10341,Bus Ticket Booking,DR,Travel,2846,-197123
2025-03-12,TXN10853,Myntra Clothing,DR,Shopping,2079,-678254
2025-03-13,TXN10597,Amazon Shopping,DR,Shopping,2774,-584578
2025-03-13,TXN10845,Restaurant Dinner,DR,Food,2814,-710982
2025-03-14,TXN10295,Supermarket POS,DR,Groceries,4308,-210392
2025-03-16,TXN10339,Netflix Subscription,DR,Entertainment,2633,-191505
2025-03-16,TXN10532,Electricity Bill UPI,DR,Utilities,1415,-554826
2025-03-17,TXN10445,Dominos Pizza,DR,Food,205,-373270
2025-03-18,TXN10437,Local Grocery Store,DR,Groceries,2793,-359152
2025-03-19,TXN10884,Salary Credit,CR,Income,49855,-630902
2025-03-19,TXN10317,Local Grocery Store,DR,Groceries,211,-266432
2025-03-19,TXN10265,Movie Tickets,DR,Entertainment,4492,-132391
2025-03-19,TXN10512,Myntra Clothing,DR,Shopping,105,-506367
2025-03-20,TXN10313,Myntra Clothing,DR,Shopping,4861,-254750
2025-03-21,TXN10721,Book Purchase,DR,Education,101,-695979
2025-03-22,TXN10237,Electricity Bill UPI,DR,Utilities,2378,-98388
2025-03-23,TXN10329,Electricity Bill UPI,DR,Utilities,3768,-191475
2025-03-23,TXN10037,Myntra Clothing,DR,Shopping,4282,17222
2025-03-23,TXN10702,Supermarket POS,DR,Groceries,4065,-693471
2025-03-23,TXN10940,Reliance Smart,DR,Groceries,4045,-724660
2025-03-24,TXN10271,IRCTC Train Ticket,DR,Travel,4515,-146504
2025-03-24,TXN10076,Bus Ticket Booking,DR,Travel,2941,56032
2025-03-25,TXN10101,Cafe Coffee Day,DR,Food,836,30453
2025-03-25,TXN10846,ATM Withdrawal,DR,Cash,2220,-713202
2025-03-26,TXN10526,Movie Tickets,DR,Entertainment,3136,-540005
2025-03-26,TXN10161,Reliance Smart,DR,Groceries,2482,66861
2025-03-26,TXN10365,Uber Ride,DR,Transport,4513,-208372
2025-03-27,TXN10830,Movie Tickets,DR,Entertainment,4459,-727931
2025-03-28,TXN10432,Reliance Smart,DR,Groceries,1869,-345902
2025-03-28,TXN10911,Metro Card Recharge,DR,Transport,2782,-700722
2025-03-29,TXN10687,Petrol Pump POS,DR,Transport,1001,-710104
2025-03-30,TXN10083,Online Course Payment,DR,Education,3498,37633
2025-03-31,TXN10977,Reliance Smart,DR,Groceries,2837,-784004
2025-03-31,TXN10750,Online Course Payment,DR,Education,4215,-699540
2025-03-31,TXN10070,Online Course Payment,DR,Education,104,69982
2025-03-31,TXN10247,Dominos Pizza,DR,Food,4299,-112829
2025-03-31,TXN10169,ATM Withdrawal,DR,Cash,2188,52745
2025-04-01,TXN10290,Flipkart Order,DR,Shopping,1708,-194192
2025-04-01,TXN10647,Salary Credit,CR,Income,6124,-636874
2025-04-01,TXN10703,Flipkart Order,DR,Shopping,3952,-697423
2025-04-01,TXN10224,Electricity Bill UPI,DR,Utilities,2293,-92467
2025-04-01,TXN10222,Spotify Subscription,DR,Entertainment,987,-88812
2025-04-02,TXN10298,Swiggy Order,DR,Food,873,-219797
2025-04-02,TXN10791,ATM Withdrawal,DR,Cash,915,-650957
2025-04-03,TXN10914,Book Purchase,DR,Education,941,-704502
2025-04-04,TXN10708,Cafe Coffee Day,DR,Food,2822,-711428
2025-04-04,TXN10012,ATM Withdrawal,DR,Cash,2293,15105
2025-04-05,TXN10678,Online Course Payment,DR,Education,2365,-690250
2025-04-05,TXN10121,Restaurant Dinner,DR,Food,3772,11433
2025-04-06,TXN10052,Bus Ticket Booking,DR,Travel,1384,26928
2025-04-06,TXN10795,Dominos Pizza,DR,Food,3567,-662033
2025-04-08,TXN10204,ATM Withdrawal,DR,Cash,1168,-38753
2025-04-08,TXN10643,Bus Ticket Booking,DR,Travel,1092,-631573
2025-04-09,TXN10408,Spotify Subscription,DR,Entertainment,3778,-289786
2025-04-09,TXN10975,Water Bill UPI,DR,Utilities,4924,-777877
2025-04-09,TXN10461,Refund Received,CR,Income,24296,-381218
2025-04-10,TXN10866,Supermarket POS,DR,Groceries,1106,-673971
2025-04-10,TXN10533,IRCTC Train Ticket,DR,Travel,2988,-557814
2025-04-11,TXN10844,Local Grocery Store,DR,Groceries,2410,-708168
2025-04-12,TXN10679,Reliance Smart,DR,Groceries,3935,-694185
2025-04-12,TXN10873,Metro Card Recharge,DR,Transport,1412,-659179
2025-04-12,TXN10288,Netflix Subscription,DR,Entertainment,867,-191670
2025-04-13,TXN10976,Ola Ride,DR,Transport,3290,-781167
2025-04-13,TXN10751,Reliance Smart,DR,Groceries,3489,-703029
2025-04-13,TXN10897,Supermarket POS,DR,Groceries,4158,-664439
2025-04-14,TXN10594,Online Course Payment,DR,Education,2998,-579646
2025-04-15,TXN10345,Water Bill UPI,DR,Utilities,829,-206096
2025-04-15,TXN10302,Online Course Payment,DR,Education,3052,-227739
2025-04-15,TXN10852,Online Course Payment,DR,Education,1494,-676175
2025-04-16,TXN10670,Water Bill UPI,DR,Utilities,2696,-670848
2025-04-16,TXN10876,Netflix Subscription,DR,Entertainment,2009,-666070
2025-04-17,TXN10634,Flipkart Order,DR,Shopping,4716,-609121
2025-04-17,TXN10234,Amazon Shopping,DR,Shopping,3058,-90028
2025-04-18,TXN10429,ATM Withdrawal,DR,Cash,2342,-340987
2025-04-18,TXN10688,Electricity Bill UPI,DR,Utilities,2542,-712646
2025-04-18,TXN10632,Online Course Payment,DR,Education,4770,-602319
2025-04-18,TXN10217,Flipkart Order,DR,Shopping,1049,-76270
2025-04-18,TXN10730,Ola Ride,DR,Transport,1144,-718695
2025-04-18,TXN10575,Flipkart Order,DR,Shopping,2768,-530557
2025-04-19,TXN10260,Water Bill UPI,DR,Utilities,3074,-135355
2025-04-19,TXN10116,Metro Card Recharge,DR,Transport,1215,31960
2025-04-19,TXN10135,Bus Ticket Booking,DR,Travel,1454,17316
2025-04-19,TXN10763,Book Purchase,DR,Education,2130,-735328
2025-04-20,TXN10233,Petrol Pump POS,DR,Transport,2978,-86970
2025-04-21,TXN10821,Flipkart Order,DR,Shopping,2550,-723377
2025-04-22,TXN10092,ATM Withdrawal,DR,Cash,55,31348
2025-04-22,TXN10877,ATM Withdrawal,DR,Cash,2096,-668166
2025-04-22,TXN10140,Dominos Pizza,DR,Food,1581,51522
2025-04-22,TXN10500,Flipkart Order,DR,Shopping,1447,-483511
2025-04-22,TXN10843,Bank Transfer Credit,CR,Income,48690,-705758
2025-04-23,TXN10799,Local Grocery Store,DR,Groceries,3718,-672322
2025-04-24,TXN10360,ATM Withdrawal,DR,Cash,1167,-197701
2025-04-28,TXN10935,Electricity Bill UPI,DR,Utilities,941,-707788
2025-04-28,TXN10296,Reliance Smart,DR,Groceries,3960,-214352
2025-04-29,TXN10566,Spotify Subscription,DR,Entertainment,411,-545541
2025-04-30,TXN10054,Online Course Payment,DR,Education,4749,19081
2025-05-01,TXN10336,Online Course Payment,DR,Education,185,-182235
2025-05-01,TXN10742,Bank Transfer Credit,CR,Income,53206,-680497
2025-05-01,TXN10008,Local Grocery Store,DR,Groceries,1555,23986
2025-05-02,TXN10129,Bus Ticket Booking,DR,Travel,3210,-16384
2025-05-02,TXN10700,Salary Credit,CR,Income,52884,-687999
2025-05-03,TXN10552,Online Course Payment,DR,Education,1070,-577189
2025-05-03,TXN10613,Reliance Smart,DR,Groceries,2523,-557406
2025-05-04,TXN10370,Flipkart Order,DR,Shopping,1713,-222958
2025-05-04,TXN10582,Petrol Pump POS,DR,Transport,763,-550849
2025-05-04,TXN10823,Electricity Bill UPI,DR,Utilities,2611,-728193
2025-05-05,TXN10483,Bus Ticket Booking,DR,Travel,307,-443305
2025-05-06,TXN10609,Refund Received,CR,Income,11563,-546038
2025-05-06,TXN10322,Electricity Bill UPI,DR,Utilities,1468,-280214
2025-05-07,TXN10497,Local Grocery Store,DR,Groceries,1821,-477602
2025-05-07,TXN10243,ATM Withdrawal,DR,Cash,3886,-102275
2025-05-08,TXN10079,Flipkart Order,DR,Shopping,1429,48639
2025-05-08,TXN10107,Reliance Smart,DR,Groceries,3221,11854
2025-05-09,TXN10459,Movie Tickets,DR,Entertainment,116,-403455
2025-05-09,TXN10665,Electricity Bill UPI,DR,Utilities,415,-683987
2025-05-10,TXN10071,ATM Withdrawal,DR,Cash,4594,65388
2025-05-10,TXN10874,Supermarket POS,DR,Groceries,2102,-661281
2025-05-10,TXN10475,Myntra Clothing,DR,Shopping,951,-420372
2025-05-10,TXN10105,Supermarket POS,DR,Groceries,2756,17713
2025-05-11,TXN10889,Metro Card Recharge,DR,Transport,929,-646126
2025-05-12,TXN10460,Flipkart Order,DR,Shopping,2059,-405514
2025-05-12,TXN10060,Zomato Order,DR,Food,100,49250
2025-05-12,TXN10136,Bank Transfer Credit,CR,Income,42105,59421
2025-05-13,TXN10859,Local Grocery Store,DR,Groceries,2804,-656438
2025-05-13,TXN10374,Supermarket POS,DR,Groceries,1818,-234195
2025-05-14,TXN10820,Zomato Order,DR,Food,559,-720827
2025-05-15,TXN10528,Mobile Recharge,DR,Utilities,632,-545138
2025-05-15,TXN10788,ATM Withdrawal,DR,Cash,346,-698526
2025-05-16,TXN10286,Cafe Coffee Day,DR,Food,3766,-186621
2025-05-16,TXN10777,Myntra Clothing,DR,Shopping,3560,-675067
2025-05-17,TXN10177,Reliance Smart,DR,Groceries,3053,30850
2025-05-17,TXN10261,Bus Ticket Booking,DR,Travel,1471,-136826
2025-05-17,TXN10589,Metro Card Recharge,DR,Transport,440,-564976
2025-05-17,TXN10228,Bus Ticket Booking,DR,Travel,1816,-71827
2025-05-17,TXN10701,Netflix Subscription,DR,Entertainment,1407,-689406
2025-05-18,TXN10306,ATM Withdrawal,DR,Cash,4715,-236524
2025-05-18,TXN10463,Supermarket POS,DR,Groceries,1707,-387770
2025-05-19,TXN10436,ATM Withdrawal,DR,Cash,1077,-356359
2025-05-19,TXN10640,ATM Withdrawal,DR,Cash,4837,-625967
2025-05-20,TXN10407,Myntra Clothing,DR,Shopping,261,-286008
2025-05-21,TXN10674,Mobile Recharge,DR,Utilities,4519,-679327
2025-05-21,TXN10540,Water Bill UPI,DR,Utilities,4684,-579032
2025-05-21,TXN10267,Bus Ticket Booking,DR,Travel,1139,-134603
2025-05-22,TXN10815,ATM Withdrawal,DR,Cash,1320,-710967
2025-05-22,TXN10199,ATM Withdrawal,DR,Cash,3917,-25423
2025-05-23,TXN10686,Myntra Clothing,DR,Shopping,580,-709103
2025-05-24,TXN10311,Metro Card Recharge,DR,Transport,56,-248028
2025-05-25,TXN10166,ATM Withdrawal,DR,Cash,3575,56365
2025-05-25,TXN10917,Amazon Shopping,DR,Shopping,736,-710345
2025-05-25,TXN10536,Spotify Subscription,DR,Entertainment,1324,-563152
2025-05-26,TXN10508,Book Purchase,DR,Education,2124,-499844
2025-05-27,TXN10904,Reliance Smart,DR,Groceries,3855,-684301
2025-05-27,TXN10551,Bank Transfer Credit,CR,Income,22946,-576119
2025-05-28,TXN10284,Water Bill UPI,DR,Utilities,1598,-181684
2025-05-28,TXN10359,Flipkart Order,DR,Shopping,3321,-196534
2025-05-28,TXN10067,Restaurant Dinner,DR,Food,4640,74250
2025-05-28,TXN10864,Flipkart Order,DR,Shopping,3001,-670225
2025-05-29,TXN10158,Supermarket POS,DR,Groceries,3642,72263
2025-05-30,TXN10036,Supermarket POS,DR,Groceries,4523,21504
2025-06-01,TXN10803,Swiggy Order,DR,Food,4888,-687240
2025-06-01,TXN10517,IRCTC Train Ticket,DR,Travel,893,-516938
2025-06-01,TXN10505,Zomato Order,DR,Food,1575,-490228
2025-06-01,TXN10246,IRCTC Train Ticket,DR,Travel,76,-108530
2025-06-01,TXN10662,Uber Ride,DR,Transport,4323,-678171
2025-06-01,TXN10936,Amazon Shopping,DR,Shopping,4484,-712272
2025-06-02,TXN10192,Swiggy Order,DR,Food,2360,-2650
2025-06-02,TXN10165,Cafe Coffee Day,DR,Food,2479,59940
2025-06-02,TXN10870,Bank Transfer Credit,CR,Income,27742,-654411
2025-06-02,TXN10032,ATM Withdrawal,DR,Cash,1275,35435
2025-06-03,TXN10330,Netflix Subscription,DR,Entertainment,2371,-193846
2025-06-04,TXN10282,Book Purchase,DR,Education,2420,-177311
2025-06-06,TXN10739,Water Bill UPI,DR,Utilities,2490,-724755
2025-06-06,TXN10664,Online Course Payment,DR,Education,1819,-683572
2025-06-08,TXN10689,Local Grocery Store,DR,Groceries,3776,-716422
2025-06-08,TXN10029,Netflix Subscription,DR,Entertainment,3626,-14648
2025-06-10,TXN10726,Local Grocery Store,DR,Groceries,3805,-710168
2025-06-10,TXN10691,Reliance Smart,DR,Groceries,1715,-720546
2025-06-10,TXN10047,Local Grocery Store,DR,Groceries,3086,-1668
2025-06-11,TXN10783,Book Purchase,DR,Education,934,-685766
2025-06-12,TXN10511,Petrol Pump POS,DR,Transport,2942,-506262
2025-06-12,TXN10952,Book Purchase,DR,Education,65,-753684
2025-06-13,TXN10292,IRCTC Train Ticket,DR,Travel,4354,-202171
2025-06-13,TXN10299,Ola Ride,DR,Transport,2200,-221997
2025-06-13,TXN10610,Book Purchase,DR,Education,2774,-548812
2025-06-14,TXN10057,IRCTC Train Ticket,DR,Travel,3138,12705
2025-06-14,TXN10351,Amazon Shopping,DR,Shopping,2473,-174052
2025-06-15,TXN10931,Mobile Recharge,DR,Utilities,4309,-696463
2025-06-15,TXN10179,Local Grocery Store,DR,Groceries,4189,25536
2025-06-15,TXN10088,Online Course Payment,DR,Education,2009,38847
2025-06-15,TXN10205,IRCTC Train Ticket,DR,Travel,4618,-43371
2025-06-16,TXN10184,Flipkart Order,DR,Shopping,3650,15977
2025-06-16,TXN10839,Online Course Payment,DR,Education,2966,-751733
2025-06-17,TXN10999,Local Grocery Store,DR,Groceries,2337,-772387
2025-06-18,TXN10020,Mobile Recharge,DR,Utilities,1413,6049
2025-06-19,TXN10180,Metro Card Recharge,DR,Transport,1263,24273
2025-06-19,TXN10728,Book Purchase,DR,Education,833,-713996
2025-06-19,TXN10851,Restaurant Dinner,DR,Food,4169,-674681
2025-06-20,TXN10300,Local Grocery Store,DR,Groceries,489,-222486
2025-06-22,TXN10173,Petrol Pump POS,DR,Transport,2962,40279
2025-06-23,TXN10965,Mobile Recharge,DR,Utilities,4313,-752009
2025-06-23,TXN10752,Ola Ride,DR,Transport,3402,-706431
2025-06-23,TXN10942,Flipkart Order,DR,Shopping,936,-730406
2025-06-23,TXN10666,Online Course Payment,DR,Education,4541,-688528
2025-06-24,TXN10886,Spotify Subscription,DR,Entertainment,4512,-639525
2025-06-25,TXN10660,Bus Ticket Booking,DR,Travel,1041,-672964
2025-06-25,TXN10352,Ola Ride,DR,Transport,3838,-177890
2025-06-28,TXN10753,IRCTC Train Ticket,DR,Travel,814,-707245
2025-06-29,TXN10930,Spotify Subscription,DR,Entertainment,2483,-692154
2025-06-29,TXN10654,Petrol Pump POS,DR,Transport,3584,-660782
2025-06-29,TXN10040,Metro Card Recharge,DR,Transport,4227,8825
2025-06-29,TXN10082,Bus Ticket Booking,DR,Travel,2382,41131
2025-06-30,TXN10916,Local Grocery Store,DR,Groceries,4977,-709609
2025-06-30,TXN10627,IRCTC Train Ticket,DR,Travel,504,-589087
2025-06-30,TXN10075,Supermarket POS,DR,Groceries,1654,58973
2025-07-01,TXN10805,Petrol Pump POS,DR,Transport,2257,-690372
2025-07-02,TXN10797,Amazon Shopping,DR,Shopping,1664,-665092
2025-07-03,TXN10212,Metro Card Recharge,DR,Transport,3872,-66471
2025-07-03,TXN10264,Netflix Subscription,DR,Entertainment,1485,-127899
2025-07-03,TXN10825,IRCTC Train Ticket,DR,Travel,2479,-712545
2025-07-04,TXN10063,Petrol Pump POS,DR,Transport,4987,86754
2025-07-04,TXN10215,Myntra Clothing,DR,Shopping,73,-72751
2025-07-05,TXN10155,Electricity Bill UPI,DR,Utilities,4070,82537
2025-07-05,TXN10731,Supermarket POS,DR,Groceries,1541,-720236
2025-07-05,TXN10110,Spotify Subscription,DR,Entertainment,313,42541
2025-07-06,TXN10248,Online Course Payment,DR,Education,3343,-116172
2025-07-06,TXN10469,Reliance Smart,DR,Groceries,1280,-406863
2025-07-06,TXN10675,Myntra Clothing,DR,Shopping,118,-679445
2025-07-08,TXN10356,Flipkart Order,DR,Shopping,3639,-189966
2025-07-08,TXN10808,Online Course Payment,DR,Education,2402,-697468
2025-07-08,TXN10227,Reliance Smart,DR,Groceries,4727,-70011
2025-07-09,TXN10612,ATM Withdrawal,DR,Cash,1927,-554883
2025-07-10,TXN10547,ATM Withdrawal,DR,Cash,1264,-591119
2025-07-11,TXN10534,Netflix Subscription,DR,Entertainment,1202,-559016
2025-07-11,TXN10287,IRCTC Train Ticket,DR,Travel,4182,-190803
2025-07-12,TXN10796,Restaurant Dinner,DR,Food,1395,-663428
2025-07-12,TXN10832,ATM Withdrawal,DR,Cash,1547,-733418
2025-07-12,TXN10695,ATM Withdrawal,DR,Cash,3972,-732066
2025-07-13,TXN10411,Amazon Shopping,DR,Shopping,1137,-297865
2025-07-13,TXN10745,IRCTC Train Ticket,DR,Travel,1059,-685797
2025-07-15,TXN10653,Movie Tickets,DR,Entertainment,3322,-657198
2025-07-15,TXN10421,ATM Withdrawal,DR,Cash,3772,-317420
2025-07-15,TXN10787,Dominos Pizza,DR,Food,4222,-698180
2025-07-15,TXN10490,Book Purchase,DR,Education,937,-460285
2025-07-15,TXN10896,Book Purchase,DR,Education,2201,-660281
2025-07-15,TXN10293,Water Bill UPI,DR,Utilities,2654,-204825
2025-07-16,TXN10525,Supermarket POS,DR,Groceries,834,-536869
2025-07-16,TXN10447,ATM Withdrawal,DR,Cash,4357,-382568
2025-07-16,TXN10383,Dominos Pizza,DR,Food,2041,-228497
2025-07-17,TXN10543,Netflix Subscription,DR,Entertainment,2117,-582815
2025-07-17,TXN10428,Movie Tickets,DR,Entertainment,3580,-338645
2025-07-17,TXN10189,IRCTC Train Ticket,DR,Travel,3880,4219
2025-07-18,TXN10766,Zomato Order,DR,Food,4566,-743428
2025-07-19,TXN10998,Cafe Coffee Day,DR,Food,2287,-770050
2025-07-19,TXN10028,Metro Card Recharge,DR,Transport,2755,-11022
2025-07-19,TXN10277,Bus Ticket Booking,DR,Travel,407,-162096
2025-07-19,TXN10562,Electricity Bill UPI,DR,Utilities,3820,-538710
2025-07-19,TXN10405,Reliance Smart,DR,Groceries,4000,-281186
2025-07-19,TXN10617,Movie Tickets,DR,Entertainment,2382,-569093
2025-07-20,TXN10757,Dominos Pizza,DR,Food,1405,-719786
2025-07-20,TXN10066,Myntra Clothing,DR,Shopping,4613,78890
2025-07-21,TXN10014,Mobile Recharge,DR,Utilities,3131,11095
2025-07-22,TXN10017,Local Grocery Store,DR,Groceries,197,9199
2025-07-22,TXN10903,Online Course Payment,DR,Education,4228,-680446
2025-07-22,TXN10954,ATM Withdrawal,DR,Cash,3275,-758577
2025-07-23,TXN10990,Local Grocery Store,DR,Groceries,1112,-821725
2025-07-23,TXN10988,Mobile Recharge,DR,Utilities,4883,-816264
2025-07-23,TXN10467,Swiggy Order,DR,Food,2237,-400820
2025-07-23,TXN10969,ATM Withdrawal,DR,Cash,1552,-760389
2025-07-24,TXN10633,Online Course Payment,DR,Education,2086,-604405
2025-07-24,TXN10026,Uber Ride,DR,Transport,3788,-7728
2025-07-24,TXN10649,Netflix Subscription,DR,Entertainment,4584,-643810
2025-07-24,TXN10620,ATM Withdrawal,DR,Cash,2603,-579234
2025-07-24,TXN10056,Netflix Subscription,DR,Entertainment,1736,15843
2025-07-24,TXN10707,Netflix Subscription,DR,Entertainment,2546,-708606
2025-07-24,TXN10628,ATM Withdrawal,DR,Cash,1616,-590703
2025-07-25,TXN10480,Flipkart Order,DR,Shopping,3873,-435018
2025-07-25,TXN10514,Myntra Clothing,DR,Shopping,3408,-510548
2025-07-26,TXN10600,Mobile Recharge,DR,Utilities,4292,-596684
2025-07-26,TXN10454,Online Course Payment,DR,Education,3794,-393541
2025-07-27,TXN10457,Water Bill UPI,DR,Utilities,610,-400883
2025-07-27,TXN10982,Electricity Bill UPI,DR,Utilities,4660,-795465
2025-07-28,TXN10337,Movie Tickets,DR,Entertainment,4494,-186729
2025-07-29,TXN10810,Bus Ticket Booking,DR,Travel,503,-698369
2025-07-29,TXN10258,Zomato Order,DR,Food,4575,-128692
2025-07-29,TXN10641,Movie Tickets,DR,Entertainment,3039,-629006
2025-07-30,TXN10770,Local Grocery Store,DR,Groceries,4307,-714052
2025-07-30,TXN10259,IRCTC Train Ticket,DR,Travel,3589,-132281
2025-07-30,TXN10556,ATM Withdrawal,DR,Cash,2602,-585366
2025-07-31,TXN10960,Online Course Payment,DR,Education,4231,-737275
2025-07-31,TXN10442,Reliance Smart,DR,Groceries,1655,-368016
2025-07-31,TXN10560,Book Purchase,DR,Education,2901,-533360
2025-08-01,TXN10269,Zomato Order,DR,Food,1815,-140354
2025-08-01,TXN10396,Book Purchase,DR,Education,3629,-258489
2025-08-01,TXN10498,Metro Card Recharge,DR,Transport,353,-477955
2025-08-02,TXN10232,Netflix Subscription,DR,Entertainment,3087,-83992
2025-08-02,TXN10304,Supermarket POS,DR,Groceries,1430,-231208
2025-08-03,TXN10854,Supermarket POS,DR,Groceries,2147,-680401
2025-08-03,TXN10772,Refund Received,CR,Income,53958,-664400
2025-08-05,TXN10468,Spotify Subscription,DR,Entertainment,4763,-405583
2025-08-05,TXN10478,Swiggy Order,DR,Food,522,-427298
2025-08-07,TXN10861,Spotify Subscription,DR,Entertainment,1589,-662136
2025-08-07,TXN10652,Book Purchase,DR,Education,3432,-653876
2025-08-07,TXN10251,Movie Tickets,DR,Entertainment,4590,-123358
2025-08-07,TXN10023,Netflix Subscription,DR,Entertainment,1916,575
2025-08-07,TXN10240,Book Purchase,DR,Education,3045,-106737
2025-08-08,TXN10645,Electricity Bill UPI,DR,Utilities,2802,-638084
2025-08-08,TXN10499,Reliance Smart,DR,Groceries,4109,-482064
2025-08-09,TXN10963,Bus Ticket Booking,DR,Travel,2151,-743346
2025-08-09,TXN10850,Mobile Recharge,DR,Utilities,3427,-670512
2025-08-10,TXN10119,Local Grocery Store,DR,Groceries,4391,19813
2025-08-10,TXN10995,Reliance Smart,DR,Groceries,4870,-810565
2025-08-10,TXN10994,Myntra Clothing,DR,Shopping,624,-805695
2025-08-10,TXN10194,Amazon Shopping,DR,Shopping,1115,-5273
2025-08-10,TXN10438,Online Course Payment,DR,Education,2648,-361800
2025-08-10,TXN10009,Supermarket POS,DR,Groceries,1862,22124
2025-08-11,TXN10539,Myntra Clothing,DR,Shopping,4525,-574348
2025-08-11,TXN10669,IRCTC Train Ticket,DR,Travel,4794,-668152
2025-08-11,TXN10113,Swiggy Order,DR,Food,1127,36430
2025-08-12,TXN10894,Book Purchase,DR,Education,634,-654629
2025-08-13,TXN10145,Bus Ticket Booking,DR,Travel,225,42102
2025-08-15,TXN10042,Local Grocery Store,DR,Groceries,1554,5579
2025-08-15,TXN10402,IRCTC Train Ticket,DR,Travel,2967,-272500
2025-08-15,TXN10571,Electricity Bill UPI,DR,Utilities,2654,-515327
2025-08-16,TXN10443,Online Course Payment,DR,Education,3054,-371070
2025-08-16,TXN10130,Book Purchase,DR,Education,3608,-19992
2025-08-17,TXN10521,ATM Withdrawal,DR,Cash,1723,-525779
2025-08-17,TXN10538,Cafe Coffee Day,DR,Food,4892,-569823
2025-08-17,TXN10458,Restaurant Dinner,DR,Food,2456,-403339
2025-08-18,TXN10546,Ola Ride,DR,Transport,549,-589855
2025-08-18,TXN10412,Myntra Clothing,DR,Shopping,1167,-299032
2025-08-19,TXN10959,Restaurant Dinner,DR,Food,1553,-733044
2025-08-20,TXN10781,Movie Tickets,DR,Entertainment,1855,-683522
2025-08-21,TXN10807,Uber Ride,DR,Transport,1292,-695066
2025-08-21,TXN10203,Netflix Subscription,DR,Entertainment,4582,-37585
2025-08-21,TXN10927,Water Bill UPI,DR,Utilities,2633,-684355
2025-08-22,TXN10768,Netflix Subscription,DR,Entertainment,3396,-705551
2025-08-22,TXN10491,Swiggy Order,DR,Food,2350,-462635
2025-08-22,TXN10441,IRCTC Train Ticket,DR,Travel,2863,-366361
2025-08-23,TXN10132,Netflix Subscription,DR,Entertainment,2839,-27406
2025-08-24,TXN10685,Uber Ride,DR,Transport,2737,-708523
2025-08-24,TXN10327,Spotify Subscription,DR,Entertainment,1467,-185844
2025-08-24,TXN10361,Netflix Subscription,DR,Entertainment,2098,-199799
2025-08-25,TXN10209,Restaurant Dinner,DR,Food,4138,-57547
2025-08-25,TXN10947,Water Bill UPI,DR,Utilities,3443,-743842
2025-08-25,TXN10219,Metro Card Recharge,DR,Transport,4577,-83119
2025-08-25,TXN10776,ATM Withdrawal,DR,Cash,1423,-671507
2025-08-26,TXN10045,Flipkart Order,DR,Shopping,156,1756
2025-08-26,TXN10818,Uber Ride,DR,Transport,2849,-716486
2025-08-26,TXN10711,Netflix Subscription,DR,Entertainment,937,-719110
2025-08-26,TXN10091,Spotify Subscription,DR,Entertainment,3327,31403
2025-08-26,TXN10094,Dominos Pizza,DR,Food,2686,24815
2025-08-26,TXN10226,Refund Received,CR,Income,31768,-65284
2025-08-26,TXN10125,Cafe Coffee Day,DR,Food,3925,-1917
2025-08-27,TXN10932,Book Purchase,DR,Education,3658,-700121
2025-08-27,TXN10255,Netflix Subscription,DR,Entertainment,2130,-133929
2025-08-27,TXN10625,Online Course Payment,DR,Education,2329,-587318
2025-08-28,TXN10414,Bus Ticket Booking,DR,Travel,1392,-301609
2025-08-29,TXN10615,Myntra Clothing,DR,Shopping,2558,-564380
2025-08-30,TXN10923,ATM Withdrawal,DR,Cash,4926,-674554
2025-08-30,TXN10314,Ola Ride,DR,Transport,4880,-259630
2025-08-30,TXN10301,Bus Ticket Booking,DR,Travel,2201,-224687
2025-08-30,TXN10315,Uber Ride,DR,Transport,4370,-264000
2025-08-31,TXN10862,Restaurant Dinner,DR,Food,1705,-663841
2025-08-31,TXN10142,ATM Withdrawal,DR,Cash,1592,48171
2025-08-31,TXN10835,Bus Ticket Booking,DR,Travel,3358,-743699
2025-09-01,TXN10085,Myntra Clothing,DR,Shopping,2508,34518
2025-09-02,TXN10673,Amazon Shopping,DR,Shopping,2365,-674808
2025-09-02,TXN10308,Ola Ride,DR,Transport,1035,-241034
2025-09-03,TXN10891,Reliance Smart,DR,Groceries,556,-649259
2025-09-03,TXN10211,Bus Ticket Booking,DR,Travel,3615,-62599
2025-09-04,TXN10002,Supermarket POS,DR,Groceries,3991,40226
2025-09-04,TXN10378,Petrol Pump POS,DR,Transport,4926,-249190
2025-09-05,TXN10062,Refund Received,CR,Income,42629,91741
2025-09-05,TXN10493,Amazon Shopping,DR,Shopping,2663,-466415
2025-09-05,TXN10354,Flipkart Order,DR,Shopping,120,-181530
2025-09-05,TXN10587,Book Purchase,DR,Education,3258,-564078
2025-09-06,TXN10058,Myntra Clothing,DR,Shopping,2786,9919
2025-09-06,TXN10466,Cafe Coffee Day,DR,Food,1908,-398583
2025-09-07,TXN10003,IRCTC Train Ticket,DR,Travel,318,39908
2025-09-08,TXN10527,Movie Tickets,DR,Entertainment,4501,-544506
2025-09-08,TXN10785,Book Purchase,DR,Education,3910,-691826
2025-09-08,TXN10078,Reliance Smart,DR,Groceries,3204,50068
2025-09-09,TXN10836,Metro Card Recharge,DR,Transport,637,-744336
2025-09-09,TXN10586,ATM Withdrawal,DR,Cash,2832,-560820
2025-09-10,TXN10249,ATM Withdrawal,DR,Cash,1427,-117599
2025-09-10,TXN10011,Electricity Bill UPI,DR,Utilities,2899,17398
2025-09-11,TXN10773,ATM Withdrawal,DR,Cash,3604,-668004
2025-09-11,TXN10496,Mobile Recharge,DR,Utilities,1811,-475781
2025-09-11,TXN10591,ATM Withdrawal,DR,Cash,1490,-570959
2025-09-12,TXN10006,Flipkart Order,DR,Shopping,3265,29035
2025-09-13,TXN10933,Ola Ride,DR,Transport,4727,-704848
2025-09-13,TXN10160,IRCTC Train Ticket,DR,Travel,183,69343
2025-09-13,TXN10347,Metro Card Recharge,DR,Transport,503,-207912
2025-09-14,TXN10049,Bank Transfer Credit,CR,Income,40008,36982
2025-09-14,TXN10144,ATM Withdrawal,DR,Cash,3384,42327
2025-09-15,TXN10890,Amazon Shopping,DR,Shopping,2577,-648703
2025-09-16,TXN10073,Metro Card Recharge,DR,Transport,1289,63195
2025-09-17,TXN10041,Movie Tickets,DR,Entertainment,1692,7133
2025-09-17,TXN10972,Online Course Payment,DR,Education,1486,-768004
2025-09-18,TXN10661,Book Purchase,DR,Education,884,-673848
2025-09-20,TXN10388,ATM Withdrawal,DR,Cash,2547,-239671
2025-09-20,TXN10242,Salary Credit,CR,Income,11796,-98389
2025-09-20,TXN10487,Amazon Shopping,DR,Shopping,2973,-451216
2025-09-20,TXN10570,Water Bill UPI,DR,Utilities,2219,-512673
2025-09-21,TXN10578,Ola Ride,DR,Transport,2029,-540477
2025-09-22,TXN10943,ATM Withdrawal,DR,Cash,1732,-732138
2025-09-22,TXN10717,Petrol Pump POS,DR,Transport,4475,-681614
2025-09-22,TXN10390,Netflix Subscription,DR,Entertainment,2989,-243328
2025-09-22,TXN10719,Netflix Subscription,DR,Entertainment,4997,-690961
2025-09-23,TXN10630,Swiggy Order,DR,Food,3118,-596940
2025-09-23,TXN10059,Refund Received,CR,Income,39431,49350
2025-09-23,TXN10756,ATM Withdrawal,DR,Cash,3997,-718381
2025-09-23,TXN10406,Book Purchase,DR,Education,4561,-285747
2025-09-24,TXN10297,Local Grocery Store,DR,Groceries,4572,-218924
2025-09-25,TXN10915,Netflix Subscription,DR,Entertainment,130,-704632
2025-09-25,TXN10905,Zomato Order,DR,Food,4261,-688562
2025-09-25,TXN10033,Local Grocery Store,DR,Groceries,4077,31358
2025-09-26,TXN10671,Amazon Shopping,DR,Shopping,1304,-672152
2025-09-26,TXN10599,Online Course Payment,DR,Education,2854,-592392
2025-09-27,TXN10765,Ola Ride,DR,Transport,2212,-738862
2025-09-27,TXN10127,Book Purchase,DR,Education,1351,-8229
2025-09-27,TXN10769,ATM Withdrawal,DR,Cash,4194,-709745
2025-09-28,TXN10448,Book Purchase,DR,Education,1655,-384223
2025-09-29,TXN10061,IRCTC Train Ticket,DR,Travel,138,49112
2025-09-30,TXN10893,Online Course Payment,DR,Education,2309,-653995
2025-09-30,TXN10143,Reliance Smart,DR,Groceries,2460,45711
2025-09-30,TXN10572,Water Bill UPI,DR,Utilities,4976,-520303
2025-10-02,TXN10601,Local Grocery Store,DR,Groceries,2922,-599606
2025-10-03,TXN10283,Netflix Subscription,DR,Entertainment,2775,-180086
2025-10-04,TXN10790,Dominos Pizza,DR,Food,125,-650042
2025-10-04,TXN10875,Bus Ticket Booking,DR,Travel,2780,-664061
2025-10-04,TXN10509,Myntra Clothing,DR,Shopping,1951,-501795
2025-10-04,TXN10718,Electricity Bill UPI,DR,Utilities,4350,-685964
2025-10-05,TXN10729,Myntra Clothing,DR,Shopping,3555,-717551
2025-10-05,TXN10713,Reliance Smart,DR,Groceries,4427,-725069
2025-10-06,TXN10097,ATM Withdrawal,DR,Cash,5000,11047
2025-10-06,TXN10944,ATM Withdrawal,DR,Cash,4486,-736624
2025-10-06,TXN10434,ATM Withdrawal,DR,Cash,1336,-350541
2025-10-07,TXN10550,Flipkart Order,DR,Shopping,2958,-599065
2025-10-07,TXN10831,Myntra Clothing,DR,Shopping,3940,-731871
2025-10-08,TXN10403,ATM Withdrawal,DR,Cash,4569,-277069
2025-10-09,TXN10856,Spotify Subscription,DR,Entertainment,2233,-684034
2025-10-09,TXN10961,Swiggy Order,DR,Food,1446,-738721
2025-10-09,TXN10848,Flipkart Order,DR,Shopping,3712,-666613
2025-10-09,TXN10548,Flipkart Order,DR,Shopping,1478,-592597
2025-10-09,TXN10659,IRCTC Train Ticket,DR,Travel,232,-671923
2025-10-10,TXN10093,Petrol Pump POS,DR,Transport,3847,27501
2025-10-10,TXN10031,Refund Received,CR,Income,54503,36710
2025-10-11,TXN10134,Flipkart Order,DR,Shopping,3451,18770
2025-10-11,TXN10069,Book Purchase,DR,Education,3377,70086
2025-10-12,TXN10303,Book Purchase,DR,Education,2039,-229778
2025-10-12,TXN10245,Reliance Smart,DR,Groceries,1440,-108454
2025-10-13,TXN10022,Bus Ticket Booking,DR,Travel,743,2491
2025-10-13,TXN10035,Cafe Coffee Day,DR,Food,2677,26027
2025-10-13,TXN10537,ATM Withdrawal,DR,Cash,1779,-564931
2025-10-14,TXN10276,Water Bill UPI,DR,Utilities,1353,-161689
2025-10-15,TXN10698,Movie Tickets,DR,Entertainment,577,-736695
2025-10-15,TXN10636,Petrol Pump POS,DR,Transport,2669,-616776
2025-10-16,TXN10039,Movie Tickets,DR,Entertainment,1394,13052
2025-10-16,TXN10220,Online Course Payment,DR,Education,3276,-86395
2025-10-16,TXN10380,Bank Transfer Credit,CR,Income,31358,-222768
2025-10-17,TXN10391,ATM Withdrawal,DR,Cash,4179,-247507
2025-10-18,TXN10187,Restaurant Dinner,DR,Food,1005,11794
2025-10-18,TXN10828,Netflix Subscription,DR,Entertainment,4638,-720275
2025-10-18,TXN10230,Movie Tickets,DR,Entertainment,4723,-79667
2025-10-19,TXN10735,Ola Ride,DR,Transport,4546,-731246
2025-10-19,TXN10019,ATM Withdrawal,DR,Cash,312,7462
2025-10-19,TXN10440,Water Bill UPI,DR,Utilities,356,-363498
2025-10-20,TXN10834,Metro Card Recharge,DR,Transport,3442,-740341
2025-10-21,TXN10198,Local Grocery Store,DR,Groceries,4593,-21506
2025-10-21,TXN10838,Myntra Clothing,DR,Shopping,2463,-748767
2025-10-22,TXN10912,Mobile Recharge,DR,Utilities,2363,-703085
2025-10-22,TXN10046,Online Course Payment,DR,Education,338,1418
2025-10-25,TXN10275,ATM Withdrawal,DR,Cash,4897,-160336
2025-10-27,TXN10369,Dominos Pizza,DR,Food,4660,-221245
2025-10-28,TXN10792,Water Bill UPI,DR,Utilities,1990,-652947
2025-10-28,TXN10565,ATM Withdrawal,DR,Cash,1412,-545130
2025-10-30,TXN10524,Amazon Shopping,DR,Shopping,4233,-536035
2025-10-30,TXN10967,Amazon Shopping,DR,Shopping,3831,-756155
2025-10-30,TXN10637,IRCTC Train Ticket,DR,Travel,3451,-620227
2025-10-30,TXN10619,Supermarket POS,DR,Groceries,3286,-576631
2025-10-30,TXN10367,Amazon Shopping,DR,Shopping,1702,-212836
2025-10-31,TXN10318,ATM Withdrawal,DR,Cash,1098,-267530
2025-11-01,TXN10141,Bus Ticket Booking,DR,Travel,1759,49763
2025-11-02,TXN10644,Swiggy Order,DR,Food,3709,-635282
2025-11-02,TXN10225,ATM Withdrawal,DR,Cash,4585,-97052
2025-11-03,TXN10716,IRCTC Train Ticket,DR,Travel,1819,-677139
2025-11-03,TXN10147,Ola Ride,DR,Transport,1166,87397
2025-11-03,TXN10502,ATM Withdrawal,DR,Cash,197,-485137
2025-11-04,TXN10256,IRCTC Train Ticket,DR,Travel,175,-134104
2025-11-04,TXN10096,Reliance Smart,DR,Groceries,4097,16047
2025-11-05,TXN10128,Electricity Bill UPI,DR,Utilities,4945,-13174
2025-11-06,TXN10667,Refund Received,CR,Income,27012,-661516
2025-11-06,TXN10384,ATM Withdrawal,DR,Cash,2762,-231259
2025-11-07,TXN10051,ATM Withdrawal,DR,Cash,3782,28312
2025-11-08,TXN10607,Online Course Payment,DR,Education,2180,-555367
2025-11-08,TXN10697,Movie Tickets,DR,Entertainment,1603,-736118
2025-11-08,TXN10872,Electricity Bill UPI,DR,Utilities,1149,-657767
2025-11-09,TXN10080,Amazon Shopping,DR,Shopping,844,47795
2025-11-10,TXN10238,Petrol Pump POS,DR,Transport,4466,-102854
2025-11-10,TXN10909,Local Grocery Store,DR,Groceries,938,-697091
2025-11-11,TXN10000,Uber Ride,DR,Transport,1243,48757
2025-11-12,TXN10419,Electricity Bill UPI,DR,Utilities,3857,-313582
2025-11-12,TXN10084,Book Purchase,DR,Education,607,37026
2025-11-12,TXN10492,Myntra Clothing,DR,Shopping,1117,-463752
2025-11-12,TXN10281,Spotify Subscription,DR,Entertainment,4182,-174891
2025-11-13,TXN10164,Uber Ride,DR,Transport,2516,62419
2025-11-13,TXN10986,Netflix Subscription,DR,Entertainment,1370,-809126
2025-11-14,TXN10309,Amazon Shopping,DR,Shopping,2844,-243878
2025-11-15,TXN10124,Supermarket POS,DR,Groceries,66,2008
2025-11-15,TXN10030,Zomato Order,DR,Food,3145,-17793
2025-11-15,TXN10833,Swiggy Order,DR,Food,3481,-736899
2025-11-15,TXN10446,Bus Ticket Booking,DR,Travel,4941,-378211
2025-11-15,TXN10723,Electricity Bill UPI,DR,Utilities,3756,-703967
2025-11-15,TXN10274,ATM Withdrawal,DR,Cash,2858,-155439
2025-11-15,TXN10606,Amazon Shopping,DR,Shopping,4121,-553187
2025-11-16,TXN10775,Water Bill UPI,DR,Utilities,1691,-670084
2025-11-16,TXN10668,Water Bill UPI,DR,Utilities,1842,-663358
2025-11-17,TXN10223,Water Bill UPI,DR,Utilities,1362,-90174
2025-11-18,TXN10699,Bus Ticket Booking,DR,Travel,4188,-740883
2025-11-18,TXN10379,Ola Ride,DR,Transport,4936,-254126
2025-11-18,TXN10816,Ola Ride,DR,Transport,2596,-713563
2025-11-18,TXN10195,ATM Withdrawal,DR,Cash,2975,-8248
2025-11-18,TXN10109,Amazon Shopping,DR,Shopping,4509,42854
2025-11-18,TXN10266,Metro Card Recharge,DR,Transport,1073,-133464
2025-11-19,TXN10074,Water Bill UPI,DR,Utilities,2568,60627
2025-11-19,TXN10324,Refund Received,CR,Income,56549,-224603
2025-11-20,TXN10231,ATM Withdrawal,DR,Cash,1238,-80905
2025-11-20,TXN10138,Bus Ticket Booking,DR,Travel,3795,54746
2025-11-20,TXN10455,ATM Withdrawal,DR,Cash,4393,-397934
2025-11-20,TXN10879,Reliance Smart,DR,Groceries,2500,-672663
2025-11-20,TXN10162,Book Purchase,DR,Education,238,66623
2025-11-20,TXN10482,Netflix Subscription,DR,Entertainment,4174,-442998
2025-11-20,TXN10588,Reliance Smart,DR,Groceries,458,-564536
2025-11-20,TXN10175,Spotify Subscription,DR,Entertainment,1548,35526
2025-11-21,TXN10953,Netflix Subscription,DR,Entertainment,1618,-755302
2025-11-21,TXN10331,ATM Withdrawal,DR,Cash,1817,-195663
2025-11-21,TXN10433,Reliance Smart,DR,Groceries,3303,-349205
2025-11-21,TXN10880,ATM Withdrawal,DR,Cash,2618,-675281
2025-11-23,TXN10767,Bank Transfer Credit,CR,Income,41273,-702155
2025-11-23,TXN10798,Restaurant Dinner,DR,Food,3512,-668604
2025-11-23,TXN10349,Movie Tickets,DR,Entertainment,3594,-168889
2025-11-23,TXN10095,Myntra Clothing,DR,Shopping,4671,20144
2025-11-24,TXN10737,Swiggy Order,DR,Food,2920,-718058
2025-11-24,TXN10400,Netflix Subscription,DR,Entertainment,2620,-267330
2025-11-27,TXN10585,ATM Withdrawal,DR,Cash,3332,-557988
2025-11-27,TXN10154,Bus Ticket Booking,DR,Travel,1925,86607
2025-11-28,TXN10470,Reliance Smart,DR,Groceries,3198,-410061
2025-11-28,TXN10581,Metro Card Recharge,DR,Transport,3441,-550086
2025-11-29,TXN10744,Electricity Bill UPI,DR,Utilities,1082,-684738
2025-11-29,TXN10979,Flipkart Order,DR,Shopping,2618,-787466
2025-11-30,TXN10335,Movie Tickets,DR,Entertainment,1850,-182050
2025-11-30,TXN10593,IRCTC Train Ticket,DR,Travel,1869,-576648
2025-11-30,TXN10371,Book Purchase,DR,Education,4153,-227111
2025-11-30,TXN10114,Metro Card Recharge,DR,Transport,2460,33970
2025-12-01,TXN10692,Ola Ride,DR,Transport,3568,-724114
2025-12-02,TXN10907,ATM Withdrawal,DR,Cash,1712,-693024
2025-12-02,TXN10895,Spotify Subscription,DR,Entertainment,3451,-658080
2025-12-02,TXN10190,IRCTC Train Ticket,DR,Travel,777,3442
2025-12-02,TXN10424,ATM Withdrawal,DR,Cash,4089,-324810
2025-12-04,TXN10605,Mobile Recharge,DR,Utilities,1499,-549066
2025-12-05,TXN10535,Bus Ticket Booking,DR,Travel,2812,-561828
2025-12-05,TXN10992,Online Course Payment,DR,Education,3987,-825867
2025-12-06,TXN10646,Electricity Bill UPI,DR,Utilities,4914,-642998
2025-12-06,TXN10555,Electricity Bill UPI,DR,Utilities,698,-582764
2025-12-06,TXN10922,Online Course Payment,DR,Education,3215,-669628
2025-12-08,TXN10860,Book Purchase,DR,Education,4109,-660547
2025-12-09,TXN10426,Myntra Clothing,DR,Shopping,3057,-330085
2025-12-09,TXN10357,Spotify Subscription,DR,Entertainment,1731,-191697
2025-12-09,TXN10236,Reliance Smart,DR,Groceries,2083,-96010
2025-12-10,TXN10090,Online Course Payment,DR,Education,3651,34730
2025-12-12,TXN10193,Book Purchase,DR,Education,1508,-4158
2025-12-12,TXN10761,Dominos Pizza,DR,Food,1232,-729840
2025-12-12,TXN10741,Bus Ticket Booking,DR,Travel,4868,-733703
2025-12-12,TXN10985,Electricity Bill UPI,DR,Utilities,3690,-807756
2025-12-13,TXN10112,Uber Ride,DR,Transport,4324,37557
2025-12-13,TXN10817,Uber Ride,DR,Transport,74,-713637
2025-12-13,TXN10629,Reliance Smart,DR,Groceries,3119,-593822
2025-12-14,TXN10321,Flipkart Order,DR,Shopping,3395,-278746
2025-12-15,TXN10885,Spotify Subscription,DR,Entertainment,4111,-635013
2025-12-15,TXN10970,Amazon Shopping,DR,Shopping,3576,-763965
2025-12-15,TXN10439,Electricity Bill UPI,DR,Utilities,1342,-363142
2025-12-15,TXN10010,ATM Withdrawal,DR,Cash,1827,20297
2025-12-16,TXN10425,ATM Withdrawal,DR,Cash,2218,-327028
2025-12-17,TXN10362,Mobile Recharge,DR,Utilities,1680,-201479
2025-12-17,TXN10389,Metro Card Recharge,DR,Transport,668,-240339
2025-12-17,TXN10208,Metro Card Recharge,DR,Transport,1755,-53409
2025-12-17,TXN10883,Reliance Smart,DR,Groceries,483,-680757
2025-12-18,TXN10366,Local Grocery Store,DR,Groceries,2762,-211134
2025-12-19,TXN10473,Online Course Payment,DR,Education,3916,-419189
2025-12-19,TXN10749,Book Purchase,DR,Education,3427,-695325
2025-12-19,TXN10368,Mobile Recharge,DR,Utilities,3749,-216585
2025-12-20,TXN10342,Reliance Smart,DR,Groceries,2740,-199863
2025-12-21,TXN10626,Netflix Subscription,DR,Entertainment,1265,-588583
2025-12-21,TXN10867,Dominos Pizza,DR,Food,2948,-676919
2025-12-21,TXN10553,Flipkart Order,DR,Shopping,4618,-581807
2025-12-21,TXN10759,Cafe Coffee Day,DR,Food,2220,-726056
2025-12-22,TXN10310,IRCTC Train Ticket,DR,Travel,4094,-247972
2025-12-23,TXN10149,ATM Withdrawal,DR,Cash,4585,82564
2025-12-23,TXN10241,ATM Withdrawal,DR,Cash,3448,-110185
2025-12-23,TXN10344,IRCTC Train Ticket,DR,Travel,4474,-205267
2025-12-23,TXN10919,IRCTC Train Ticket,DR,Travel,856,-715126
2025-12-24,TXN10928,Electricity Bill UPI,DR,Utilities,574,-684929
2025-12-24,TXN10399,Ola Ride,DR,Transport,930,-264710
2025-12-26,TXN10622,Bus Ticket Booking,DR,Travel,670,-581859
2025-12-26,TXN10938,Amazon Shopping,DR,Shopping,2475,-717406
2025-12-27,TXN10913,Netflix Subscription,DR,Entertainment,476,-703561
2025-12-27,TXN10476,Amazon Shopping,DR,Shopping,4693,-425065
2025-12-30,TXN10206,Petrol Pump POS,DR,Transport,3344,-46715
2025-12-30,TXN10392,Movie Tickets,DR,Entertainment,4100,-251607
2025-12-30,TXN10523,Amazon Shopping,DR,Shopping,4774,-531802
2025-12-31,TXN10789,Refund Received,CR,Income,48609,-649917
2026-01-01,TXN10663,Supermarket POS,DR,Groceries,3582,-681753
2026-01-01,TXN10235,Online Course Payment,DR,Education,3899,-93927
2026-01-01,TXN10316,Dominos Pizza,DR,Food,2221,-266221
2026-01-02,TXN10239,Movie Tickets,DR,Entertainment,838,-103692
2026-01-03,TXN10018,Netflix Subscription,DR,Entertainment,1425,7774
2026-01-03,TXN10778,Reliance Smart,DR,Groceries,3572,-678639
2026-01-03,TXN10334,Salary Credit,CR,Income,8324,-180200
2026-01-03,TXN10596,Netflix Subscription,DR,Entertainment,1882,-581804
2026-01-03,TXN10104,Metro Card Recharge,DR,Transport,1825,20469
2026-01-04,TXN10106,Book Purchase,DR,Education,2638,15075
2026-01-05,TXN10507,Supermarket POS,DR,Groceries,3899,-497720
2026-01-05,TXN10715,IRCTC Train Ticket,DR,Travel,3621,-675320
2026-01-06,TXN10118,Spotify Subscription,DR,Entertainment,4750,24204
2026-01-07,TXN10397,Netflix Subscription,DR,Entertainment,1406,-259895
2026-01-08,TXN10997,Book Purchase,DR,Education,1313,-767763
2026-01-09,TXN10650,Amazon Shopping,DR,Shopping,1865,-645675
2026-01-09,TXN10307,Ola Ride,DR,Transport,3475,-239999
2026-01-09,TXN10133,Bank Transfer Credit,CR,Income,49627,22221
2026-01-10,TXN10762,Netflix Subscription,DR,Entertainment,3358,-733198
2026-01-10,TXN10451,ATM Withdrawal,DR,Cash,1365,-387055
2026-01-11,TXN10326,Book Purchase,DR,Education,3861,-184377
2026-01-12,TXN10474,Electricity Bill UPI,DR,Utilities,232,-419421
2026-01-12,TXN10755,Spotify Subscription,DR,Entertainment,4931,-714384
2026-01-13,TXN10918,Metro Card Recharge,DR,Transport,3925,-714270
2026-01-13,TXN10958,ATM Withdrawal,DR,Cash,2276,-731491
2026-01-14,TXN10150,Bus Ticket Booking,DR,Travel,1538,81026
2026-01-14,TXN10350,Restaurant Dinner,DR,Food,2690,-171579
2026-01-14,TXN10657,Water Bill UPI,DR,Utilities,4042,-667404
2026-01-16,TXN10569,Supermarket POS,DR,Groceries,2067,-510454
2026-01-16,TXN10968,Spotify Subscription,DR,Entertainment,2682,-758837
2026-01-16,TXN10814,IRCTC Train Ticket,DR,Travel,3737,-709647
2026-01-16,TXN10824,Bank Transfer Credit,CR,Income,18127,-710066
2026-01-18,TXN10263,Bank Transfer Credit,CR,Income,14493,-126414
2026-01-18,TXN10319,Flipkart Order,DR,Shopping,4804,-272334
2026-01-20,TXN10758,Reliance Smart,DR,Groceries,4050,-723836
2026-01-20,TXN10621,Myntra Clothing,DR,Shopping,1955,-581189
2026-01-20,TXN10081,Flipkart Order,DR,Shopping,4282,43513
2026-01-20,TXN10401,Online Course Payment,DR,Education,2203,-269533
2026-01-21,TXN10924,Movie Tickets,DR,Entertainment,1765,-676319
2026-01-21,TXN10868,IRCTC Train Ticket,DR,Travel,4344,-681263
2026-01-22,TXN10779,Supermarket POS,DR,Groceries,2967,-681606
2026-01-23,TXN10004,Spotify Subscription,DR,Entertainment,2879,37029
2026-01-23,TXN10579,ATM Withdrawal,DR,Cash,4507,-544984
2026-01-24,TXN10611,Reliance Smart,DR,Groceries,4144,-552956
2026-01-24,TXN10358,Supermarket POS,DR,Groceries,1516,-193213
2026-01-24,TXN10608,Book Purchase,DR,Education,2234,-557601
2026-01-25,TXN10168,Reliance Smart,DR,Groceries,681,54933
2026-01-25,TXN10971,Mobile Recharge,DR,Utilities,2553,-766518
2026-01-26,TXN10210,Amazon Shopping,DR,Shopping,1437,-58984
2026-01-26,TXN10910,Flipkart Order,DR,Shopping,849,-697940
2026-01-27,TXN10583,Water Bill UPI,DR,Utilities,2166,-553015
2026-01-27,TXN10962,Local Grocery Store,DR,Groceries,2474,-741195
2026-01-28,TXN10151,Local Grocery Store,DR,Groceries,2101,78925
2026-01-29,TXN10784,Bus Ticket Booking,DR,Travel,2150,-687916
2026-01-29,TXN10197,Book Purchase,DR,Education,4921,-16913
2026-01-29,TXN10764,Flipkart Order,DR,Shopping,1322,-736650
2026-01-30,TXN10683,Bus Ticket Booking,DR,Travel,3149,-704854
2026-01-30,TXN10456,Water Bill UPI,DR,Utilities,2339,-400273
2026-01-31,TXN10806,IRCTC Train Ticket,DR,Travel,3402,-693774
2026-01-31,TXN10847,Bank Transfer Credit,CR,Income,50301,-662901
2026-02-02,TXN10376,Flipkart Order,DR,Shopping,4584,-239349
2026-02-02,TXN10183,Restaurant Dinner,DR,Food,826,19627
2026-02-02,TXN10614,Mobile Recharge,DR,Utilities,4416,-561822
2026-02-02,TXN10887,Flipkart Order,DR,Shopping,3440,-642965
2026-02-03,TXN10993,Refund Received,CR,Income,20796,-805071
2026-02-03,TXN10878,Electricity Bill UPI,DR,Utilities,1997,-670163
2026-02-03,TXN10381,Dominos Pizza,DR,Food,3463,-226231
2026-02-04,TXN10559,Book Purchase,DR,Education,1381,-530459
2026-02-05,TXN10191,Zomato Order,DR,Food,3732,-290
2026-02-05,TXN10305,Movie Tickets,DR,Entertainment,601,-231809
2026-02-06,TXN10561,Online Course Payment,DR,Education,1530,-534890
2026-02-06,TXN10951,Reliance Smart,DR,Groceries,1975,-753619
2026-02-08,TXN10404,Restaurant Dinner,DR,Food,117,-277186
2026-02-09,TXN10563,Restaurant Dinner,DR,Food,2515,-541225
2026-02-09,TXN10387,Netflix Subscription,DR,Entertainment,3430,-237124
2026-02-10,TXN10186,Reliance Smart,DR,Groceries,2088,12799
2026-02-10,TXN10996,Bank Transfer Credit,CR,Income,44115,-766450
2026-02-11,TXN10684,IRCTC Train Ticket,DR,Travel,932,-705786
2026-02-11,TXN10148,Book Purchase,DR,Education,248,87149
2026-02-11,TXN10188,Bus Ticket Booking,DR,Travel,3695,8099
2026-02-11,TXN10639,Local Grocery Store,DR,Groceries,348,-621130
2026-02-12,TXN10857,Refund Received,CR,Income,32157,-651877
2026-02-14,TXN10858,ATM Withdrawal,DR,Cash,1757,-653634
2026-02-14,TXN10515,Local Grocery Store,DR,Groceries,1147,-511695
2026-02-15,TXN10503,Petrol Pump POS,DR,Transport,2381,-487518
2026-02-16,TXN10696,Dominos Pizza,DR,Food,2449,-734515
2026-02-16,TXN10694,Electricity Bill UPI,DR,Utilities,3632,-728094
2026-02-17,TXN10444,Online Course Payment,DR,Education,1995,-373065
2026-02-18,TXN10494,IRCTC Train Ticket,DR,Travel,3092,-469507
2026-02-18,TXN10908,Petrol Pump POS,DR,Transport,3129,-696153
2026-02-18,TXN10048,Spotify Subscription,DR,Entertainment,1358,-3026
2026-02-19,TXN10364,Bus Ticket Booking,DR,Travel,1466,-203859
2026-02-20,TXN10415,Petrol Pump POS,DR,Transport,1312,-302921
2026-02-20,TXN10748,Amazon Shopping,DR,Shopping,3435,-691898
2026-02-20,TXN10957,Bus Ticket Booking,DR,Travel,467,-729215
2026-02-20,TXN10727,Local Grocery Store,DR,Groceries,2995,-713163
2026-02-21,TXN10934,Netflix Subscription,DR,Entertainment,1999,-706847
2026-02-22,TXN10573,IRCTC Train Ticket,DR,Travel,4331,-524634
2026-02-24,TXN10733,Flipkart Order,DR,Shopping,4583,-726105
2026-02-24,TXN10973,Metro Card Recharge,DR,Transport,3732,-771736
2026-02-25,TXN10567,Refund Received,CR,Income,40458,-505083
2026-02-25,TXN10346,Flipkart Order,DR,Shopping,1313,-207409
2026-02-26,TXN10027,Electricity Bill UPI,DR,Utilities,539,-8267
2026-02-27,TXN10901,Amazon Shopping,DR,Shopping,620,-672653
2026-02-27,TXN10449,Online Course Payment,DR,Education,1277,-385500
2026-02-27,TXN10416,Amazon Shopping,DR,Shopping,1164,-304085
2026-02-27,TXN10983,Reliance Smart,DR,Groceries,4015,-799480
2026-02-28,TXN10279,Bus Ticket Booking,DR,Travel,3234,-170281
2026-02-28,TXN10898,Flipkart Order,DR,Shopping,3012,-667451
2026-03-01,TXN10086,Bank Transfer Credit,CR,Income,7630,42148
2026-03-01,TXN10793,Amazon Shopping,DR,Shopping,4292,-657239
2026-03-01,TXN10450,Bus Ticket Booking,DR,Travel,190,-385690
2026-03-01,TXN10519,Book Purchase,DR,Education,836,-522084
2026-03-02,TXN10754,Metro Card Recharge,DR,Transport,2208,-709453
2026-03-02,TXN10655,Ola Ride,DR,Transport,696,-661478
2026-03-03,TXN10280,Cafe Coffee Day,DR,Food,428,-170709
2026-03-04,TXN10253,Mobile Recharge,DR,Utilities,2164,-130390
2026-03-04,TXN10015,Flipkart Order,DR,Shopping,1614,9481
2026-03-04,TXN10417,Reliance Smart,DR,Groceries,4108,-308193
2026-03-04,TXN10811,Amazon Shopping,DR,Shopping,211,-698580
2026-03-05,TXN10068,Book Purchase,DR,Education,787,73463
2026-03-05,TXN10289,Local Grocery Store,DR,Groceries,814,-192484
2026-03-05,TXN10064,Cafe Coffee Day,DR,Food,1438,85316
2026-03-06,TXN10902,Supermarket POS,DR,Groceries,3565,-676218
2026-03-06,TXN10840,IRCTC Train Ticket,DR,Travel,748,-752481
2026-03-07,TXN10257,Refund Received,CR,Income,9987,-124117
2026-03-08,TXN10725,Myntra Clothing,DR,Shopping,1459,-706363
2026-03-08,TXN10592,Reliance Smart,DR,Groceries,3820,-574779
2026-03-08,TXN10590,IRCTC Train Ticket,DR,Travel,4493,-569469
2026-03-08,TXN10964,Amazon Shopping,DR,Shopping,4350,-747696
2026-03-09,TXN10740,Mobile Recharge,DR,Utilities,4080,-728835
2026-03-09,TXN10268,Metro Card Recharge,DR,Transport,3936,-138539
2026-03-09,TXN10108,Refund Received,CR,Income,35509,47363
2026-03-10,TXN10021,Amazon Shopping,DR,Shopping,2815,3234
2026-03-12,TXN10576,Uber Ride,DR,Transport,3090,-533647
2026-03-12,TXN10680,ATM Withdrawal,DR,Cash,3472,-697657
2026-03-13,TXN10837,Uber Ride,DR,Transport,1968,-746304
2026-03-13,TXN10418,Mobile Recharge,DR,Utilities,1532,-309725
2026-03-13,TXN10452,Flipkart Order,DR,Shopping,105,-387160
2026-03-13,TXN10214,Book Purchase,DR,Education,1600,-72678
2026-03-14,TXN10504,Bus Ticket Booking,DR,Travel,1135,-488653
2026-03-14,TXN10420,ATM Withdrawal,DR,Cash,66,-313648
2026-03-16,TXN10488,Reliance Smart,DR,Groceries,4971,-456187
2026-03-16,TXN10159,Petrol Pump POS,DR,Transport,2737,69526
2026-03-18,TXN10170,Bus Ticket Booking,DR,Travel,4529,48216
2026-03-18,TXN10377,Electricity Bill UPI,DR,Utilities,4915,-244264
2026-03-19,TXN10771,Mobile Recharge,DR,Utilities,4306,-718358
2026-03-19,TXN10229,Local Grocery Store,DR,Groceries,3117,-74944
2026-03-19,TXN10980,Movie Tickets,DR,Entertainment,1259,-788725
2026-03-19,TXN10375,Myntra Clothing,DR,Shopping,570,-234765
2026-03-20,TXN10734,ATM Withdrawal,DR,Cash,595,-726700
2026-03-20,TXN10122,ATM Withdrawal,DR,Cash,4442,6991
2026-03-20,TXN10724,Book Purchase,DR,Education,937,-704904
2026-03-21,TXN10218,Metro Card Recharge,DR,Transport,2272,-78542
2026-03-21,TXN10720,Amazon Shopping,DR,Shopping,4917,-695878
2026-03-22,TXN10651,Dominos Pizza,DR,Food,4769,-650444
2026-03-22,TXN10087,Spotify Subscription,DR,Entertainment,1292,40856
2026-03-22,TXN10111,ATM Withdrawal,DR,Cash,660,41881
2026-03-22,TXN10677,Electricity Bill UPI,DR,Utilities,3664,-687885
2026-03-24,TXN10638,Mobile Recharge,DR,Utilities,555,-620782
2026-03-24,TXN10541,Movie Tickets,DR,Entertainment,349,-579381
2026-03-25,TXN10025,Ola Ride,DR,Transport,2330,-3940
2026-03-26,TXN10948,Bus Ticket Booking,DR,Travel,3204,-747046
2026-03-26,TXN10826,Reliance Smart,DR,Groceries,2767,-715312
2026-03-26,TXN10801,Reliance Smart,DR,Groceries,1290,-678206
2026-03-26,TXN10849,Water Bill UPI,DR,Utilities,472,-667085
2026-03-27,TXN10656,Bus Ticket Booking,DR,Travel,1884,-663362
2026-03-27,TXN10989,Swiggy Order,DR,Food,4349,-820613
2026-03-28,TXN10464,Myntra Clothing,DR,Shopping,4716,-392486
2026-03-29,TXN10941,Spotify Subscription,DR,Entertainment,4810,-729470
2026-03-29,TXN10182,Online Course Payment,DR,Education,3186,20453
2026-03-29,TXN10888,Dominos Pizza,DR,Food,2232,-645197
2026-03-30,TXN10842,Bus Ticket Booking,DR,Travel,622,-754448
2026-03-30,TXN10422,Ola Ride,DR,Transport,691,-318111
2026-03-30,TXN10465,Local Grocery Store,DR,Groceries,4189,-396675
2026-03-30,TXN10207,Petrol Pump POS,DR,Transport,4939,-51654
2026-03-31,TXN10595,Local Grocery Store,DR,Groceries,276,-579922
2026-03-31,TXN10929,Local Grocery Store,DR,Groceries,4742,-689671
2026-04-02,TXN10333,Water Bill UPI,DR,Utilities,621,-188524
2026-04-02,TXN10800,ATM Withdrawal,DR,Cash,4594,-676916
2026-04-02,TXN10510,Bus Ticket Booking,DR,Travel,1525,-503320
2026-04-03,TXN10270,Local Grocery Store,DR,Groceries,1635,-141989
2026-04-03,TXN10343,Reliance Smart,DR,Groceries,930,-200793
2026-04-03,TXN10484,Electricity Bill UPI,DR,Utilities,561,-443866
2026-04-04,TXN10676,Amazon Shopping,DR,Shopping,4776,-684221
2026-04-04,TXN10863,Electricity Bill UPI,DR,Utilities,3383,-667224
2026-04-05,TXN10516,ATM Withdrawal,DR,Cash,4350,-516045
2026-04-06,TXN10178,Netflix Subscription,DR,Entertainment,1125,29725
2026-04-08,TXN10353,Swiggy Order,DR,Food,3520,-181410
2026-04-08,TXN10949,Restaurant Dinner,DR,Food,2732,-749778
2026-04-09,TXN10531,Bus Ticket Booking,DR,Travel,4884,-553411
2026-04-09,TXN10855,Local Grocery Store,DR,Groceries,1400,-681801
2026-04-09,TXN10430,Supermarket POS,DR,Groceries,1490,-342477
2026-04-11,TXN10732,Dominos Pizza,DR,Food,1286,-721522
2026-04-11,TXN10410,IRCTC Train Ticket,DR,Travel,1997,-296728
2026-04-11,TXN10804,ATM Withdrawal,DR,Cash,875,-688115
2026-04-12,TXN10001,Electricity Bill UPI,DR,Utilities,4540,44217
2026-04-12,TXN10956,Bank Transfer Credit,CR,Income,33314,-728748
2026-04-14,TXN10984,Supermarket POS,DR,Groceries,4586,-804066
2026-04-14,TXN10409,ATM Withdrawal,DR,Cash,4945,-294731
2026-04-14,TXN10518,Flipkart Order,DR,Shopping,4310,-521248
2026-04-15,TXN10648,Cafe Coffee Day,DR,Food,2352,-639226
2026-04-16,TXN10115,ATM Withdrawal,DR,Cash,795,33175
2026-04-18,TXN10926,Dominos Pizza,DR,Food,3505,-681722
2026-04-18,TXN10658,Movie Tickets,DR,Entertainment,4287,-671691
2026-04-18,TXN10987,Book Purchase,DR,Education,2255,-811381
2026-04-19,TXN10103,ATM Withdrawal,DR,Cash,3643,22294
2026-04-19,TXN10007,Dominos Pizza,DR,Food,3494,25541
2026-04-20,TXN10485,Supermarket POS,DR,Groceries,158,-444024
2026-04-20,TXN10921,Refund Received,CR,Income,48930,-666413
2026-04-22,TXN10167,Mobile Recharge,DR,Utilities,751,55614
2026-04-22,TXN10216,Bus Ticket Booking,DR,Travel,2470,-75221
2026-04-23,TXN10413,IRCTC Train Ticket,DR,Travel,1185,-300217
2026-04-23,TXN10865,ATM Withdrawal,DR,Cash,2640,-672865
2026-04-25,TXN10869,Supermarket POS,DR,Groceries,890,-682153
2026-04-26,TXN10120,Movie Tickets,DR,Entertainment,4608,15205
2026-04-27,TXN10882,Restaurant Dinner,DR,Food,3936,-680274
2026-04-28,TXN10325,Bank Transfer Credit,CR,Income,44087,-180516
2026-04-28,TXN10099,Reliance Smart,DR,Groceries,3738,34686
2026-04-30,TXN10423,Netflix Subscription,DR,Entertainment,2610,-320721
2026-04-30,TXN10809,Dominos Pizza,DR,Food,398,-697866
2026-04-30,TXN10813,IRCTC Train Ticket,DR,Travel,3116,-705910
2026-05-02,TXN10479,Movie Tickets,DR,Entertainment,3847,-431145
2026-05-03,TXN10495,Supermarket POS,DR,Groceries,4463,-473970
2026-05-03,TXN10373,Book Purchase,DR,Education,2348,-232377
2026-05-03,TXN10584,ATM Withdrawal,DR,Cash,1641,-554656
2026-05-04,TXN10760,Mobile Recharge,DR,Utilities,2552,-728608
2026-05-04,TXN10892,Myntra Clothing,DR,Shopping,2427,-651686
2026-05-04,TXN10395,ATM Withdrawal,DR,Cash,2165,-254860
2026-05-04,TXN10348,Salary Credit,CR,Income,42617,-165295
2026-05-05,TXN10871,ATM Withdrawal,DR,Cash,2207,-656618
2026-05-06,TXN10156,IRCTC Train Ticket,DR,Travel,2394,80143
2026-05-06,TXN10393,Amazon Shopping,DR,Shopping,98,-251705
2026-05-07,TXN10472,Supermarket POS,DR,Groceries,2082,-415273
2026-05-07,TXN10945,Amazon Shopping,DR,Shopping,867,-737491
2026-05-08,TXN10802,Water Bill UPI,DR,Utilities,4146,-682352
2026-05-08,TXN10950,Book Purchase,DR,Education,1866,-751644
2026-05-08,TXN10974,Amazon Shopping,DR,Shopping,1217,-772953
2026-05-08,TXN10131,Amazon Shopping,DR,Shopping,4575,-24567
2026-05-08,TXN10065,Reliance Smart,DR,Groceries,1813,83503
2026-05-08,TXN10201,Bus Ticket Booking,DR,Travel,3157,-29581
2026-05-09,TXN10624,Mobile Recharge,DR,Utilities,1350,-584989
2026-05-09,TXN10786,IRCTC Train Ticket,DR,Travel,2132,-693958
2026-05-10,TXN10501,Spotify Subscription,DR,Entertainment,1429,-484940
2026-05-13,TXN10196,Uber Ride,DR,Transport,3744,-11992
2026-05-13,TXN10291,Metro Card Recharge,DR,Transport,3625,-197817
2026-05-14,TXN10053,ATM Withdrawal,DR,Cash,3098,23830
2026-05-15,TXN10881,Bus Ticket Booking,DR,Travel,1057,-676338
